date_slot,specialization,doctor_name,is_available,patient_to_attend
13-09-2025 08:00,general_dentist,john doe,False,19067584.0
13-09-2025 08:30,general_dentist,john doe,False,19067584.0
13-09-2025 09:00,general_dentist,john doe,False,4192042.0
13-09-2025 09:30,general_dentist,john doe,False,4195170.0
13-09-2025 10:00,general_dentist,john doe,False,12345678.0
13-09-2025 10:30,general_dentist,john doe,True,
13-09-2025 11:00,general_dentist,john doe,True,
13-09-2025 11:30,general_dentist,john doe,True,
13-09-2025 12:00,general_dentist,john doe,False,3427857.0
13-09-2025 12:30,general_dentist,john doe,False,54813151.0
13-09-2025 13:00,general_dentist,john doe,True,
13-09-2025 13:30,general_dentist,john doe,True,
13-09-2025 14:00,general_dentist,john doe,True,
13-09-2025 14:30,general_dentist,john doe,True,
13-09-2025 15:00,general_dentist,john doe,False,58804176.0
13-09-2025 15:30,general_dentist,john doe,False,66667428.0
13-09-2025 16:00,general_dentist,john doe,True,
13-09-2025 08:00,general_dentist,emily johnson,True,
13-09-2025 08:30,general_dentist,emily johnson,True,
13-09-2025 09:00,general_dentist,emily johnson,False,4192042.0
13-09-2025 09:30,general_dentist,emily johnson,False,4195170.0
13-09-2025 10:00,general_dentist,emily johnson,True,
13-09-2025 10:30,general_dentist,emily johnson,True,
13-09-2025 11:00,general_dentist,emily johnson,True,
13-09-2025 11:30,general_dentist,emily johnson,True,
13-09-2025 12:00,general_dentist,emily johnson,False,3427857.0
13-09-2025 12:30,general_dentist,emily johnson,False,54813151.0
13-09-2025 13:00,general_dentist,emily johnson,True,
13-09-2025 13:30,general_dentist,emily johnson,True,
13-09-2025 14:00,general_dentist,emily johnson,False,77777777.0
13-09-2025 14:30,general_dentist,emily johnson,True,
13-09-2025 15:00,general_dentist,emily johnson,False,58804176.0
13-09-2025 15:30,general_dentist,emily johnson,False,66667428.0
13-09-2025 16:00,general_dentist,emily johnson,True,
13-09-2025 08:00,cosmetic_dentist,jane smith,False,99999999.0
13-09-2025 08:30,cosmetic_dentist,jane smith,True,
13-09-2025 09:00,cosmetic_dentist,jane smith,False,4192042.0
13-09-2025 09:30,cosmetic_dentist,jane smith,False,4195170.0
13-09-2025 10:00,cosmetic_dentist,jane smith,True,
13-09-2025 10:30,cosmetic_dentist,jane smith,True,
13-09-2025 11:00,cosmetic_dentist,jane smith,True,
13-09-2025 11:30,cosmetic_dentist,jane smith,True,
13-09-2025 12:00,cosmetic_dentist,jane smith,False,3427857.0
13-09-2025 12:30,cosmetic_dentist,jane smith,False,54813151.0
13-09-2025 13:00,cosmetic_dentist,jane smith,True,
13-09-2025 13:30,cosmetic_dentist,jane smith,True,
13-09-2025 14:00,cosmetic_dentist,jane smith,False,88888888.0
13-09-2025 14:30,cosmetic_dentist,jane smith,True,
13-09-2025 15:00,cosmetic_dentist,jane smith,False,58804176.0
13-09-2025 15:30,cosmetic_dentist,jane smith,False,66667428.0
13-09-2025 16:00,cosmetic_dentist,jane smith,True,
13-09-2025 08:00,cosmetic_dentist,lisa brown,True,
13-09-2025 08:30,cosmetic_dentist,lisa brown,True,
13-09-2025 09:00,cosmetic_dentist,lisa brown,False,4192042.0
13-09-2025 09:30,cosmetic_dentist,lisa brown,False,4195170.0
13-09-2025 10:00,cosmetic_dentist,lisa brown,True,
13-09-2025 10:30,cosmetic_dentist,lisa brown,True,
13-09-2025 11:00,cosmetic_dentist,lisa brown,True,
13-09-2025 11:30,cosmetic_dentist,lisa brown,True,
13-09-2025 12:00,cosmetic_dentist,lisa brown,False,3427857.0
13-09-2025 12:30,cosmetic_dentist,lisa brown,False,54813151.0
13-09-2025 13:00,cosmetic_dentist,lisa brown,True,
13-09-2025 13:30,cosmetic_dentist,lisa brown,True,
13-09-2025 14:00,cosmetic_dentist,lisa brown,True,
13-09-2025 14:30,cosmetic_dentist,lisa brown,True,
13-09-2025 15:00,cosmetic_dentist,lisa brown,False,58804176.0
13-09-2025 15:30,cosmetic_dentist,lisa brown,False,66667428.0
13-09-2025 16:00,cosmetic_dentist,lisa brown,True,
13-09-2025 08:00,prosthodontist,michael green,True,
13-09-2025 08:30,prosthodontist,michael green,True,
13-09-2025 09:00,prosthodontist,michael green,False,4192042.0
13-09-2025 09:30,prosthodontist,michael green,False,4195170.0
13-09-2025 10:00,prosthodontist,michael green,True,
13-09-2025 10:30,prosthodontist,michael green,True,
13-09-2025 11:00,prosthodontist,michael green,True,
13-09-2025 11:30,prosthodontist,michael green,True,
13-09-2025 12:00,prosthodontist,michael green,False,3427857.0
13-09-2025 12:30,prosthodontist,michael green,False,54813151.0
13-09-2025 13:00,prosthodontist,michael green,True,
13-09-2025 13:30,prosthodontist,michael green,True,
13-09-2025 14:00,prosthodontist,michael green,True,
13-09-2025 14:30,prosthodontist,michael green,True,
13-09-2025 15:00,prosthodontist,michael green,False,58804176.0
13-09-2025 15:30,prosthodontist,michael green,False,66667428.0
13-09-2025 16:00,prosthodontist,michael green,True,
13-09-2025 08:00,pediatric_dentist,sarah wilson,True,
13-09-2025 08:30,pediatric_dentist,sarah wilson,True,
13-09-2025 09:00,pediatric_dentist,sarah wilson,False,4192042.0
13-09-2025 09:30,pediatric_dentist,sarah wilson,False,4195170.0
13-09-2025 10:00,pediatric_dentist,sarah wilson,True,
13-09-2025 10:30,pediatric_dentist,sarah wilson,True,
13-09-2025 11:00,pediatric_dentist,sarah wilson,True,
13-09-2025 11:30,pediatric_dentist,sarah wilson,True,
13-09-2025 12:00,pediatric_dentist,sarah wilson,False,3427857.0
13-09-2025 12:30,pediatric_dentist,sarah wilson,False,54813151.0
13-09-2025 13:00,pediatric_dentist,sarah wilson,True,
13-09-2025 13:30,pediatric_dentist,sarah wilson,True,
13-09-2025 14:00,pediatric_dentist,sarah wilson,True,
13-09-2025 14:30,pediatric_dentist,sarah wilson,True,
13-09-2025 15:00,pediatric_dentist,sarah wilson,False,58804176.0
13-09-2025 15:30,pediatric_dentist,sarah wilson,False,66667428.0
13-09-2025 16:00,pediatric_dentist,sarah wilson,True,
13-09-2025 08:00,emergency_dentist,daniel miller,True,
13-09-2025 08:30,emergency_dentist,daniel miller,True,
13-09-2025 09:00,emergency_dentist,daniel miller,False,4192042.0
13-09-2025 09:30,emergency_dentist,daniel miller,False,4195170.0
13-09-2025 10:00,emergency_dentist,daniel miller,True,
13-09-2025 10:30,emergency_dentist,daniel miller,True,
13-09-2025 11:00,emergency_dentist,daniel miller,True,
13-09-2025 11:30,emergency_dentist,daniel miller,True,
13-09-2025 12:00,emergency_dentist,daniel miller,False,3427857.0
13-09-2025 12:30,emergency_dentist,daniel miller,False,54813151.0
13-09-2025 13:00,emergency_dentist,daniel miller,True,
13-09-2025 13:30,emergency_dentist,daniel miller,True,
13-09-2025 14:00,emergency_dentist,daniel miller,True,
13-09-2025 14:30,emergency_dentist,daniel miller,True,
13-09-2025 15:00,emergency_dentist,daniel miller,False,58804176.0
13-09-2025 15:30,emergency_dentist,daniel miller,False,66667428.0
13-09-2025 16:00,emergency_dentist,daniel miller,True,
13-09-2025 08:00,emergency_dentist,susan davis,True,
13-09-2025 08:30,emergency_dentist,susan davis,True,
13-09-2025 09:00,emergency_dentist,susan davis,False,4192042.0
13-09-2025 09:30,emergency_dentist,susan davis,False,4195170.0
13-09-2025 10:00,emergency_dentist,susan davis,True,
13-09-2025 10:30,emergency_dentist,susan davis,True,
13-09-2025 11:00,emergency_dentist,susan davis,True,
13-09-2025 11:30,emergency_dentist,susan davis,True,
13-09-2025 12:00,emergency_dentist,susan davis,False,3427857.0
13-09-2025 12:30,emergency_dentist,susan davis,False,54813151.0
13-09-2025 13:00,emergency_dentist,susan davis,True,
13-09-2025 13:30,emergency_dentist,susan davis,True,
13-09-2025 14:00,emergency_dentist,susan davis,True,
13-09-2025 14:30,emergency_dentist,susan davis,True,
13-09-2025 15:00,emergency_dentist,susan davis,False,58804176.0
13-09-2025 15:30,emergency_dentist,susan davis,False,66667428.0
13-09-2025 16:00,emergency_dentist,susan davis,True,
13-09-2025 08:00,oral_surgeon,robert martinez,True,
13-09-2025 08:30,oral_surgeon,robert martinez,True,
13-09-2025 09:00,oral_surgeon,robert martinez,False,4192042.0
13-09-2025 09:30,oral_surgeon,robert martinez,False,4195170.0
13-09-2025 10:00,oral_surgeon,robert martinez,True,
13-09-2025 10:30,oral_surgeon,robert martinez,True,
13-09-2025 11:00,oral_surgeon,robert martinez,True,
13-09-2025 11:30,oral_surgeon,robert martinez,True,
13-09-2025 12:00,oral_surgeon,robert martinez,False,3427857.0
13-09-2025 12:30,oral_surgeon,robert martinez,False,54813151.0
13-09-2025 13:00,oral_surgeon,robert martinez,True,
13-09-2025 13:30,oral_surgeon,robert martinez,True,
13-09-2025 14:00,oral_surgeon,robert martinez,True,
13-09-2025 14:30,oral_surgeon,robert martinez,True,
13-09-2025 15:00,oral_surgeon,robert martinez,False,58804176.0
13-09-2025 15:30,oral_surgeon,robert martinez,False,66667428.0
13-09-2025 16:00,oral_surgeon,robert martinez,True,
13-09-2025 08:00,orthodontist,kevin anderson,True,
13-09-2025 08:30,orthodontist,kevin anderson,True,
13-09-2025 09:00,orthodontist,kevin anderson,False,4192042.0
13-09-2025 09:30,orthodontist,kevin anderson,False,4195170.0
13-09-2025 10:00,orthodontist,kevin anderson,True,
13-09-2025 10:30,orthodontist,kevin anderson,True,
13-09-2025 11:00,orthodontist,kevin anderson,True,
13-09-2025 11:30,orthodontist,kevin anderson,True,
13-09-2025 12:00,orthodontist,kevin anderson,False,3427857.0
13-09-2025 12:30,orthodontist,kevin anderson,False,54813151.0
13-09-2025 13:00,orthodontist,kevin anderson,True,
13-09-2025 13:30,orthodontist,kevin anderson,True,
13-09-2025 14:00,orthodontist,kevin anderson,True,
13-09-2025 14:30,orthodontist,kevin anderson,True,
13-09-2025 15:00,orthodontist,kevin anderson,False,58804176.0
13-09-2025 15:30,orthodontist,kevin anderson,False,66667428.0
13-09-2025 16:00,orthodontist,kevin anderson,True,
14-09-2025 08:00,general_dentist,john doe,False,5729029.0
14-09-2025 08:30,general_dentist,john doe,False,4223621.0
14-09-2025 09:00,general_dentist,john doe,True,
14-09-2025 09:30,general_dentist,john doe,True,
14-09-2025 10:00,general_dentist,john doe,True,
14-09-2025 10:30,general_dentist,john doe,False,1234567.0
14-09-2025 11:00,general_dentist,john doe,False,17847693.0
14-09-2025 11:30,general_dentist,john doe,False,43286943.0
14-09-2025 12:00,general_dentist,john doe,True,
14-09-2025 12:30,general_dentist,john doe,True,
14-09-2025 13:00,general_dentist,john doe,True,
14-09-2025 13:30,general_dentist,john doe,True,
14-09-2025 14:00,general_dentist,john doe,False,65338449.0
14-09-2025 14:30,general_dentist,john doe,False,30259167.0
14-09-2025 15:00,general_dentist,john doe,True,
14-09-2025 15:30,general_dentist,john doe,True,
14-09-2025 16:00,general_dentist,john doe,True,
14-09-2025 08:00,general_dentist,emily johnson,False,5729029.0
14-09-2025 08:30,general_dentist,emily johnson,False,4223621.0
14-09-2025 09:00,general_dentist,emily johnson,False,1234567.0
14-09-2025 09:30,general_dentist,emily johnson,False,1234567.0
14-09-2025 10:00,general_dentist,emily johnson,False,1234567.0
14-09-2025 10:30,general_dentist,emily johnson,False,1234567.0
14-09-2025 11:00,general_dentist,emily johnson,False,17847693.0
14-09-2025 11:30,general_dentist,emily johnson,False,43286943.0
14-09-2025 12:00,general_dentist,emily johnson,False,1234567.0
14-09-2025 12:30,general_dentist,emily johnson,False,1234567.0
14-09-2025 13:00,general_dentist,emily johnson,False,1234567.0
14-09-2025 13:30,general_dentist,emily johnson,True,
14-09-2025 14:00,general_dentist,emily johnson,False,65338449.0
14-09-2025 14:30,general_dentist,emily johnson,False,30259167.0
14-09-2025 15:00,general_dentist,emily johnson,True,
14-09-2025 15:30,general_dentist,emily johnson,True,
14-09-2025 16:00,general_dentist,emily johnson,True,
14-09-2025 08:00,cosmetic_dentist,jane smith,False,5729029.0
14-09-2025 08:30,cosmetic_dentist,jane smith,False,4223621.0
14-09-2025 09:00,cosmetic_dentist,jane smith,True,
14-09-2025 09:30,cosmetic_dentist,jane smith,True,
14-09-2025 10:00,cosmetic_dentist,jane smith,True,
14-09-2025 10:30,cosmetic_dentist,jane smith,False,1234567.0
14-09-2025 11:00,cosmetic_dentist,jane smith,False,17847693.0
14-09-2025 11:30,cosmetic_dentist,jane smith,False,43286943.0
14-09-2025 12:00,cosmetic_dentist,jane smith,True,
14-09-2025 12:30,cosmetic_dentist,jane smith,True,
14-09-2025 13:00,cosmetic_dentist,jane smith,True,
14-09-2025 13:30,cosmetic_dentist,jane smith,True,
14-09-2025 14:00,cosmetic_dentist,jane smith,False,65338449.0
14-09-2025 14:30,cosmetic_dentist,jane smith,False,30259167.0
14-09-2025 15:00,cosmetic_dentist,jane smith,True,
14-09-2025 15:30,cosmetic_dentist,jane smith,True,
14-09-2025 16:00,cosmetic_dentist,jane smith,True,
14-09-2025 08:00,cosmetic_dentist,lisa brown,False,5729029.0
14-09-2025 08:30,cosmetic_dentist,lisa brown,False,4223621.0
14-09-2025 09:00,cosmetic_dentist,lisa brown,True,
14-09-2025 09:30,cosmetic_dentist,lisa brown,True,
14-09-2025 10:00,cosmetic_dentist,lisa brown,True,
14-09-2025 10:30,cosmetic_dentist,lisa brown,True,
14-09-2025 11:00,cosmetic_dentist,lisa brown,False,17847693.0
14-09-2025 11:30,cosmetic_dentist,lisa brown,False,43286943.0
14-09-2025 12:00,cosmetic_dentist,lisa brown,True,
14-09-2025 12:30,cosmetic_dentist,lisa brown,True,
14-09-2025 13:00,cosmetic_dentist,lisa brown,True,
14-09-2025 13:30,cosmetic_dentist,lisa brown,True,
14-09-2025 14:00,cosmetic_dentist,lisa brown,False,65338449.0
14-09-2025 14:30,cosmetic_dentist,lisa brown,False,30259167.0
14-09-2025 15:00,cosmetic_dentist,lisa brown,True,
14-09-2025 15:30,cosmetic_dentist,lisa brown,True,
14-09-2025 16:00,cosmetic_dentist,lisa brown,True,
14-09-2025 08:00,prosthodontist,michael green,False,5729029.0
14-09-2025 08:30,prosthodontist,michael green,False,4223621.0
14-09-2025 09:00,prosthodontist,michael green,True,
14-09-2025 09:30,prosthodontist,michael green,True,
14-09-2025 10:00,prosthodontist,michael green,True,
14-09-2025 10:30,prosthodontist,michael green,True,
14-09-2025 11:00,prosthodontist,michael green,False,17847693.0
14-09-2025 11:30,prosthodontist,michael green,False,43286943.0
14-09-2025 12:00,prosthodontist,michael green,True,
14-09-2025 12:30,prosthodontist,michael green,True,
14-09-2025 13:00,prosthodontist,michael green,True,
14-09-2025 13:30,prosthodontist,michael green,True,
14-09-2025 14:00,prosthodontist,michael green,False,65338449.0
14-09-2025 14:30,prosthodontist,michael green,False,30259167.0
14-09-2025 15:00,prosthodontist,michael green,True,
14-09-2025 15:30,prosthodontist,michael green,True,
14-09-2025 16:00,prosthodontist,michael green,True,
14-09-2025 08:00,pediatric_dentist,sarah wilson,False,5729029.0
14-09-2025 08:30,pediatric_dentist,sarah wilson,False,4223621.0
14-09-2025 09:00,pediatric_dentist,sarah wilson,True,
14-09-2025 09:30,pediatric_dentist,sarah wilson,True,
14-09-2025 10:00,pediatric_dentist,sarah wilson,True,
14-09-2025 10:30,pediatric_dentist,sarah wilson,True,
14-09-2025 11:00,pediatric_dentist,sarah wilson,False,17847693.0
14-09-2025 11:30,pediatric_dentist,sarah wilson,False,43286943.0
14-09-2025 12:00,pediatric_dentist,sarah wilson,True,
14-09-2025 12:30,pediatric_dentist,sarah wilson,True,
14-09-2025 13:00,pediatric_dentist,sarah wilson,True,
14-09-2025 13:30,pediatric_dentist,sarah wilson,True,
14-09-2025 14:00,pediatric_dentist,sarah wilson,False,65338449.0
14-09-2025 14:30,pediatric_dentist,sarah wilson,False,30259167.0
14-09-2025 15:00,pediatric_dentist,sarah wilson,True,
14-09-2025 15:30,pediatric_dentist,sarah wilson,True,
14-09-2025 16:00,pediatric_dentist,sarah wilson,True,
14-09-2025 08:00,emergency_dentist,daniel miller,False,5729029.0
14-09-2025 08:30,emergency_dentist,daniel miller,False,4223621.0
14-09-2025 09:00,emergency_dentist,daniel miller,True,
14-09-2025 09:30,emergency_dentist,daniel miller,True,
14-09-2025 10:00,emergency_dentist,daniel miller,True,
14-09-2025 10:30,emergency_dentist,daniel miller,False,19067584.0
14-09-2025 11:00,emergency_dentist,daniel miller,False,17847693.0
14-09-2025 11:30,emergency_dentist,daniel miller,False,43286943.0
14-09-2025 12:00,emergency_dentist,daniel miller,True,
14-09-2025 12:30,emergency_dentist,daniel miller,True,
14-09-2025 13:00,emergency_dentist,daniel miller,True,
14-09-2025 13:30,emergency_dentist,daniel miller,True,
14-09-2025 14:00,emergency_dentist,daniel miller,False,65338449.0
14-09-2025 14:30,emergency_dentist,daniel miller,False,30259167.0
14-09-2025 15:00,emergency_dentist,daniel miller,True,
14-09-2025 15:30,emergency_dentist,daniel miller,True,
14-09-2025 16:00,emergency_dentist,daniel miller,True,
14-09-2025 08:00,emergency_dentist,susan davis,False,5729029.0
14-09-2025 08:30,emergency_dentist,susan davis,False,4223621.0
14-09-2025 09:00,emergency_dentist,susan davis,True,
14-09-2025 09:30,emergency_dentist,susan davis,True,
14-09-2025 10:00,emergency_dentist,susan davis,True,
14-09-2025 10:30,emergency_dentist,susan davis,True,
14-09-2025 11:00,emergency_dentist,susan davis,False,17847693.0
14-09-2025 11:30,emergency_dentist,susan davis,False,43286943.0
14-09-2025 12:00,emergency_dentist,susan davis,True,
14-09-2025 12:30,emergency_dentist,susan davis,True,
14-09-2025 13:00,emergency_dentist,susan davis,True,
14-09-2025 13:30,emergency_dentist,susan davis,True,
14-09-2025 14:00,emergency_dentist,susan davis,False,65338449.0
14-09-2025 14:30,emergency_dentist,susan davis,False,30259167.0
14-09-2025 15:00,emergency_dentist,susan davis,True,
14-09-2025 15:30,emergency_dentist,susan davis,True,
14-09-2025 16:00,emergency_dentist,susan davis,True,
14-09-2025 08:00,oral_surgeon,robert martinez,False,5729029.0
14-09-2025 08:30,oral_surgeon,robert martinez,False,4223621.0
14-09-2025 09:00,oral_surgeon,robert martinez,True,
14-09-2025 09:30,oral_surgeon,robert martinez,True,
14-09-2025 10:00,oral_surgeon,robert martinez,True,
14-09-2025 10:30,oral_surgeon,robert martinez,True,
14-09-2025 11:00,oral_surgeon,robert martinez,False,17847693.0
14-09-2025 11:30,oral_surgeon,robert martinez,False,43286943.0
14-09-2025 12:00,oral_surgeon,robert martinez,True,
14-09-2025 12:30,oral_surgeon,robert martinez,True,
14-09-2025 13:00,oral_surgeon,robert martinez,True,
14-09-2025 13:30,oral_surgeon,robert martinez,True,
14-09-2025 14:00,oral_surgeon,robert martinez,False,65338449.0
14-09-2025 14:30,oral_surgeon,robert martinez,False,30259167.0
14-09-2025 15:00,oral_surgeon,robert martinez,True,
14-09-2025 15:30,oral_surgeon,robert martinez,True,
14-09-2025 16:00,oral_surgeon,robert martinez,True,
14-09-2025 08:00,orthodontist,kevin anderson,False,5729029.0
14-09-2025 08:30,orthodontist,kevin anderson,False,4223621.0
14-09-2025 09:00,orthodontist,kevin anderson,True,
14-09-2025 09:30,orthodontist,kevin anderson,True,
14-09-2025 10:00,orthodontist,kevin anderson,True,
14-09-2025 10:30,orthodontist,kevin anderson,True,
14-09-2025 11:00,orthodontist,kevin anderson,False,17847693.0
14-09-2025 11:30,orthodontist,kevin anderson,False,43286943.0
14-09-2025 12:00,orthodontist,kevin anderson,True,
14-09-2025 12:30,orthodontist,kevin anderson,True,
14-09-2025 13:00,orthodontist,kevin anderson,True,
14-09-2025 13:30,orthodontist,kevin anderson,True,
14-09-2025 14:00,orthodontist,kevin anderson,False,65338449.0
14-09-2025 14:30,orthodontist,kevin anderson,False,30259167.0
14-09-2025 15:00,orthodontist,kevin anderson,True,
14-09-2025 15:30,orthodontist,kevin anderson,True,
14-09-2025 16:00,orthodontist,kevin anderson,True,
15-09-2025 08:00,general_dentist,john doe,False,1234567.0
15-09-2025 08:30,general_dentist,john doe,False,1234567.0
15-09-2025 09:00,general_dentist,john doe,False,1234567.0
15-09-2025 09:30,general_dentist,john doe,False,1234567.0
15-09-2025 10:00,general_dentist,john doe,False,78938031.0
15-09-2025 10:30,general_dentist,john doe,False,4099931.0
15-09-2025 11:00,general_dentist,john doe,True,
15-09-2025 11:30,general_dentist,john doe,True,
15-09-2025 12:00,general_dentist,john doe,True,
15-09-2025 12:30,general_dentist,john doe,True,
15-09-2025 13:00,general_dentist,john doe,False,66837677.0
15-09-2025 13:30,general_dentist,john doe,False,29404641.0
15-09-2025 14:00,general_dentist,john doe,True,
15-09-2025 14:30,general_dentist,john doe,True,
15-09-2025 15:00,general_dentist,john doe,True,
15-09-2025 15:30,general_dentist,john doe,True,
15-09-2025 16:00,general_dentist,john doe,False,8341375.0
15-09-2025 08:00,general_dentist,emily johnson,True,
15-09-2025 08:30,general_dentist,emily johnson,True,
15-09-2025 09:00,general_dentist,emily johnson,True,
15-09-2025 09:30,general_dentist,emily johnson,True,
15-09-2025 10:00,general_dentist,emily johnson,False,78938031.0
15-09-2025 10:30,general_dentist,emily johnson,False,4099931.0
15-09-2025 11:00,general_dentist,emily johnson,False,1234567.0
15-09-2025 11:30,general_dentist,emily johnson,True,
15-09-2025 12:00,general_dentist,emily johnson,True,
15-09-2025 12:30,general_dentist,emily johnson,True,
15-09-2025 13:00,general_dentist,emily johnson,False,66837677.0
15-09-2025 13:30,general_dentist,emily johnson,False,29404641.0
15-09-2025 14:00,general_dentist,emily johnson,True,
15-09-2025 14:30,general_dentist,emily johnson,True,
15-09-2025 15:00,general_dentist,emily johnson,True,
15-09-2025 15:30,general_dentist,emily johnson,True,
15-09-2025 16:00,general_dentist,emily johnson,False,8341375.0
15-09-2025 08:00,cosmetic_dentist,jane smith,False,1234567.0
15-09-2025 08:30,cosmetic_dentist,jane smith,False,1234567.0
15-09-2025 09:00,cosmetic_dentist,jane smith,False,1234567.0
15-09-2025 09:30,cosmetic_dentist,jane smith,False,1234567.0
15-09-2025 10:00,cosmetic_dentist,jane smith,False,78938031.0
15-09-2025 10:30,cosmetic_dentist,jane smith,False,4099931.0
15-09-2025 11:00,cosmetic_dentist,jane smith,False,1234567.0
15-09-2025 11:30,cosmetic_dentist,jane smith,True,
15-09-2025 12:00,cosmetic_dentist,jane smith,False,1234567.0
15-09-2025 12:30,cosmetic_dentist,jane smith,True,
15-09-2025 13:00,cosmetic_dentist,jane smith,False,66837677.0
15-09-2025 13:30,cosmetic_dentist,jane smith,False,29404641.0
15-09-2025 14:00,cosmetic_dentist,jane smith,True,
15-09-2025 14:30,cosmetic_dentist,jane smith,True,
15-09-2025 15:00,cosmetic_dentist,jane smith,True,
15-09-2025 15:30,cosmetic_dentist,jane smith,True,
15-09-2025 16:00,cosmetic_dentist,jane smith,False,8341375.0
15-09-2025 08:00,cosmetic_dentist,lisa brown,True,
15-09-2025 08:30,cosmetic_dentist,lisa brown,True,
15-09-2025 09:00,cosmetic_dentist,lisa brown,True,
15-09-2025 09:30,cosmetic_dentist,lisa brown,True,
15-09-2025 10:00,cosmetic_dentist,lisa brown,False,78938031.0
15-09-2025 10:30,cosmetic_dentist,lisa brown,False,4099931.0
15-09-2025 11:00,cosmetic_dentist,lisa brown,True,
15-09-2025 11:30,cosmetic_dentist,lisa brown,True,
15-09-2025 12:00,cosmetic_dentist,lisa brown,True,
15-09-2025 12:30,cosmetic_dentist,lisa brown,True,
15-09-2025 13:00,cosmetic_dentist,lisa brown,False,66837677.0
15-09-2025 13:30,cosmetic_dentist,lisa brown,False,29404641.0
15-09-2025 14:00,cosmetic_dentist,lisa brown,True,
15-09-2025 14:30,cosmetic_dentist,lisa brown,True,
15-09-2025 15:00,cosmetic_dentist,lisa brown,True,
15-09-2025 15:30,cosmetic_dentist,lisa brown,True,
15-09-2025 16:00,cosmetic_dentist,lisa brown,False,8341375.0
15-09-2025 08:00,prosthodontist,michael green,True,
15-09-2025 08:30,prosthodontist,michael green,True,
15-09-2025 09:00,prosthodontist,michael green,True,
15-09-2025 09:30,prosthodontist,michael green,True,
15-09-2025 10:00,prosthodontist,michael green,False,78938031.0
15-09-2025 10:30,prosthodontist,michael green,False,4099931.0
15-09-2025 11:00,prosthodontist,michael green,True,
15-09-2025 11:30,prosthodontist,michael green,True,
15-09-2025 12:00,prosthodontist,michael green,True,
15-09-2025 12:30,prosthodontist,michael green,True,
15-09-2025 13:00,prosthodontist,michael green,False,66837677.0
15-09-2025 13:30,prosthodontist,michael green,False,29404641.0
15-09-2025 14:00,prosthodontist,michael green,True,
15-09-2025 14:30,prosthodontist,michael green,True,
15-09-2025 15:00,prosthodontist,michael green,True,
15-09-2025 15:30,prosthodontist,michael green,True,
15-09-2025 16:00,prosthodontist,michael green,False,8341375.0
15-09-2025 08:00,pediatric_dentist,sarah wilson,True,
15-09-2025 08:30,pediatric_dentist,sarah wilson,True,
15-09-2025 09:00,pediatric_dentist,sarah wilson,True,
15-09-2025 09:30,pediatric_dentist,sarah wilson,True,
15-09-2025 10:00,pediatric_dentist,sarah wilson,False,78938031.0
15-09-2025 10:30,pediatric_dentist,sarah wilson,False,4099931.0
15-09-2025 11:00,pediatric_dentist,sarah wilson,True,
15-09-2025 11:30,pediatric_dentist,sarah wilson,True,
15-09-2025 12:00,pediatric_dentist,sarah wilson,True,
15-09-2025 12:30,pediatric_dentist,sarah wilson,True,
15-09-2025 13:00,pediatric_dentist,sarah wilson,False,66837677.0
15-09-2025 13:30,pediatric_dentist,sarah wilson,False,29404641.0
15-09-2025 14:00,pediatric_dentist,sarah wilson,True,
15-09-2025 14:30,pediatric_dentist,sarah wilson,True,
15-09-2025 15:00,pediatric_dentist,sarah wilson,True,
15-09-2025 15:30,pediatric_dentist,sarah wilson,True,
15-09-2025 16:00,pediatric_dentist,sarah wilson,False,8341375.0
15-09-2025 08:00,emergency_dentist,daniel miller,True,
15-09-2025 08:30,emergency_dentist,daniel miller,True,
15-09-2025 09:00,emergency_dentist,daniel miller,True,
15-09-2025 09:30,emergency_dentist,daniel miller,True,
15-09-2025 10:00,emergency_dentist,daniel miller,False,78938031.0
15-09-2025 10:30,emergency_dentist,daniel miller,False,4099931.0
15-09-2025 11:00,emergency_dentist,daniel miller,True,
15-09-2025 11:30,emergency_dentist,daniel miller,True,
15-09-2025 12:00,emergency_dentist,daniel miller,True,
15-09-2025 12:30,emergency_dentist,daniel miller,True,
15-09-2025 13:00,emergency_dentist,daniel miller,False,66837677.0
15-09-2025 13:30,emergency_dentist,daniel miller,False,29404641.0
15-09-2025 14:00,emergency_dentist,daniel miller,True,
15-09-2025 14:30,emergency_dentist,daniel miller,True,
15-09-2025 15:00,emergency_dentist,daniel miller,True,
15-09-2025 15:30,emergency_dentist,daniel miller,True,
15-09-2025 16:00,emergency_dentist,daniel miller,False,8341375.0
15-09-2025 08:00,emergency_dentist,susan davis,True,
15-09-2025 08:30,emergency_dentist,susan davis,True,
15-09-2025 09:00,emergency_dentist,susan davis,True,
15-09-2025 09:30,emergency_dentist,susan davis,True,
15-09-2025 10:00,emergency_dentist,susan davis,False,78938031.0
15-09-2025 10:30,emergency_dentist,susan davis,False,4099931.0
15-09-2025 11:00,emergency_dentist,susan davis,True,
15-09-2025 11:30,emergency_dentist,susan davis,True,
15-09-2025 12:00,emergency_dentist,susan davis,True,
15-09-2025 12:30,emergency_dentist,susan davis,True,
15-09-2025 13:00,emergency_dentist,susan davis,False,66837677.0
15-09-2025 13:30,emergency_dentist,susan davis,False,29404641.0
15-09-2025 14:00,emergency_dentist,susan davis,True,
15-09-2025 14:30,emergency_dentist,susan davis,True,
15-09-2025 15:00,emergency_dentist,susan davis,True,
15-09-2025 15:30,emergency_dentist,susan davis,True,
15-09-2025 16:00,emergency_dentist,susan davis,False,8341375.0
15-09-2025 08:00,oral_surgeon,robert martinez,True,
15-09-2025 08:30,oral_surgeon,robert martinez,True,
15-09-2025 09:00,oral_surgeon,robert martinez,True,
15-09-2025 09:30,oral_surgeon,robert martinez,True,
15-09-2025 10:00,oral_surgeon,robert martinez,False,78938031.0
15-09-2025 10:30,oral_surgeon,robert martinez,False,4099931.0
15-09-2025 11:00,oral_surgeon,robert martinez,True,
15-09-2025 11:30,oral_surgeon,robert martinez,True,
15-09-2025 12:00,oral_surgeon,robert martinez,True,
15-09-2025 12:30,oral_surgeon,robert martinez,True,
15-09-2025 13:00,oral_surgeon,robert martinez,False,66837677.0
15-09-2025 13:30,oral_surgeon,robert martinez,False,29404641.0
15-09-2025 14:00,oral_surgeon,robert martinez,True,
15-09-2025 14:30,oral_surgeon,robert martinez,True,
15-09-2025 15:00,oral_surgeon,robert martinez,True,
15-09-2025 15:30,oral_surgeon,robert martinez,True,
15-09-2025 16:00,oral_surgeon,robert martinez,False,8341375.0
15-09-2025 08:00,orthodontist,kevin anderson,True,
15-09-2025 08:30,orthodontist,kevin anderson,True,
15-09-2025 09:00,orthodontist,kevin anderson,True,
15-09-2025 09:30,orthodontist,kevin anderson,True,
15-09-2025 10:00,orthodontist,kevin anderson,False,78938031.0
15-09-2025 10:30,orthodontist,kevin anderson,False,4099931.0
15-09-2025 11:00,orthodontist,kevin anderson,True,
15-09-2025 11:30,orthodontist,kevin anderson,True,
15-09-2025 12:00,orthodontist,kevin anderson,True,
15-09-2025 12:30,orthodontist,kevin anderson,True,
15-09-2025 13:00,orthodontist,kevin anderson,False,66837677.0
15-09-2025 13:30,orthodontist,kevin anderson,False,29404641.0
15-09-2025 14:00,orthodontist,kevin anderson,True,
15-09-2025 14:30,orthodontist,kevin anderson,True,
15-09-2025 15:00,orthodontist,kevin anderson,True,
15-09-2025 15:30,orthodontist,kevin anderson,True,
15-09-2025 16:00,orthodontist,kevin anderson,False,8341375.0
16-09-2025 08:00,general_dentist,john doe,True,
16-09-2025 08:30,general_dentist,john doe,True,
16-09-2025 09:00,general_dentist,john doe,False,99199297.0
16-09-2025 09:30,general_dentist,john doe,False,29538309.0
16-09-2025 10:00,general_dentist,john doe,True,
16-09-2025 10:30,general_dentist,john doe,True,
16-09-2025 11:00,general_dentist,john doe,True,
16-09-2025 11:30,general_dentist,john doe,True,
16-09-2025 12:00,general_dentist,john doe,False,72578213.0
16-09-2025 12:30,general_dentist,john doe,False,3515651.0
16-09-2025 13:00,general_dentist,john doe,True,
16-09-2025 13:30,general_dentist,john doe,True,
16-09-2025 14:00,general_dentist,john doe,True,
16-09-2025 14:30,general_dentist,john doe,True,
16-09-2025 15:00,general_dentist,john doe,False,56792740.0
16-09-2025 15:30,general_dentist,john doe,False,98699011.0
16-09-2025 16:00,general_dentist,john doe,True,
16-09-2025 08:00,general_dentist,emily johnson,True,
16-09-2025 08:30,general_dentist,emily johnson,True,
16-09-2025 09:00,general_dentist,emily johnson,False,99199297.0
16-09-2025 09:30,general_dentist,emily johnson,False,29538309.0
16-09-2025 10:00,general_dentist,emily johnson,True,
16-09-2025 10:30,general_dentist,emily johnson,True,
16-09-2025 11:00,general_dentist,emily johnson,True,
16-09-2025 11:30,general_dentist,emily johnson,True,
16-09-2025 12:00,general_dentist,emily johnson,False,72578213.0
16-09-2025 12:30,general_dentist,emily johnson,False,3515651.0
16-09-2025 13:00,general_dentist,emily johnson,True,
16-09-2025 13:30,general_dentist,emily johnson,True,
16-09-2025 14:00,general_dentist,emily johnson,True,
16-09-2025 14:30,general_dentist,emily johnson,True,
16-09-2025 15:00,general_dentist,emily johnson,False,56792740.0
16-09-2025 15:30,general_dentist,emily johnson,False,98699011.0
16-09-2025 16:00,general_dentist,emily johnson,True,
16-09-2025 08:00,cosmetic_dentist,jane smith,True,
16-09-2025 08:30,cosmetic_dentist,jane smith,True,
16-09-2025 09:00,cosmetic_dentist,jane smith,False,99199297.0
16-09-2025 09:30,cosmetic_dentist,jane smith,False,29538309.0
16-09-2025 10:00,cosmetic_dentist,jane smith,True,
16-09-2025 10:30,cosmetic_dentist,jane smith,True,
16-09-2025 11:00,cosmetic_dentist,jane smith,True,
16-09-2025 11:30,cosmetic_dentist,jane smith,True,
16-09-2025 12:00,cosmetic_dentist,jane smith,False,72578213.0
16-09-2025 12:30,cosmetic_dentist,jane smith,False,3515651.0
16-09-2025 13:00,cosmetic_dentist,jane smith,True,
16-09-2025 13:30,cosmetic_dentist,jane smith,True,
16-09-2025 14:00,cosmetic_dentist,jane smith,True,
16-09-2025 14:30,cosmetic_dentist,jane smith,True,
16-09-2025 15:00,cosmetic_dentist,jane smith,False,56792740.0
16-09-2025 15:30,cosmetic_dentist,jane smith,False,98699011.0
16-09-2025 16:00,cosmetic_dentist,jane smith,True,
16-09-2025 08:00,cosmetic_dentist,lisa brown,True,
16-09-2025 08:30,cosmetic_dentist,lisa brown,True,
16-09-2025 09:00,cosmetic_dentist,lisa brown,False,99199297.0
16-09-2025 09:30,cosmetic_dentist,lisa brown,False,29538309.0
16-09-2025 10:00,cosmetic_dentist,lisa brown,True,
16-09-2025 10:30,cosmetic_dentist,lisa brown,True,
16-09-2025 11:00,cosmetic_dentist,lisa brown,True,
16-09-2025 11:30,cosmetic_dentist,lisa brown,True,
16-09-2025 12:00,cosmetic_dentist,lisa brown,False,72578213.0
16-09-2025 12:30,cosmetic_dentist,lisa brown,False,3515651.0
16-09-2025 13:00,cosmetic_dentist,lisa brown,True,
16-09-2025 13:30,cosmetic_dentist,lisa brown,True,
16-09-2025 14:00,cosmetic_dentist,lisa brown,True,
16-09-2025 14:30,cosmetic_dentist,lisa brown,True,
16-09-2025 15:00,cosmetic_dentist,lisa brown,False,56792740.0
16-09-2025 15:30,cosmetic_dentist,lisa brown,False,98699011.0
16-09-2025 16:00,cosmetic_dentist,lisa brown,True,
16-09-2025 08:00,prosthodontist,michael green,True,
16-09-2025 08:30,prosthodontist,michael green,True,
16-09-2025 09:00,prosthodontist,michael green,False,99199297.0
16-09-2025 09:30,prosthodontist,michael green,False,29538309.0
16-09-2025 10:00,prosthodontist,michael green,True,
16-09-2025 10:30,prosthodontist,michael green,True,
16-09-2025 11:00,prosthodontist,michael green,True,
16-09-2025 11:30,prosthodontist,michael green,True,
16-09-2025 12:00,prosthodontist,michael green,False,72578213.0
16-09-2025 12:30,prosthodontist,michael green,False,3515651.0
16-09-2025 13:00,prosthodontist,michael green,True,
16-09-2025 13:30,prosthodontist,michael green,True,
16-09-2025 14:00,prosthodontist,michael green,True,
16-09-2025 14:30,prosthodontist,michael green,True,
16-09-2025 15:00,prosthodontist,michael green,False,56792740.0
16-09-2025 15:30,prosthodontist,michael green,False,98699011.0
16-09-2025 16:00,prosthodontist,michael green,True,
16-09-2025 08:00,pediatric_dentist,sarah wilson,True,
16-09-2025 08:30,pediatric_dentist,sarah wilson,True,
16-09-2025 09:00,pediatric_dentist,sarah wilson,False,99199297.0
16-09-2025 09:30,pediatric_dentist,sarah wilson,False,29538309.0
16-09-2025 10:00,pediatric_dentist,sarah wilson,True,
16-09-2025 10:30,pediatric_dentist,sarah wilson,True,
16-09-2025 11:00,pediatric_dentist,sarah wilson,True,
16-09-2025 11:30,pediatric_dentist,sarah wilson,True,
16-09-2025 12:00,pediatric_dentist,sarah wilson,False,72578213.0
16-09-2025 12:30,pediatric_dentist,sarah wilson,False,3515651.0
16-09-2025 13:00,pediatric_dentist,sarah wilson,True,
16-09-2025 13:30,pediatric_dentist,sarah wilson,True,
16-09-2025 14:00,pediatric_dentist,sarah wilson,True,
16-09-2025 14:30,pediatric_dentist,sarah wilson,True,
16-09-2025 15:00,pediatric_dentist,sarah wilson,False,56792740.0
16-09-2025 15:30,pediatric_dentist,sarah wilson,False,98699011.0
16-09-2025 16:00,pediatric_dentist,sarah wilson,True,
16-09-2025 08:00,emergency_dentist,daniel miller,True,
16-09-2025 08:30,emergency_dentist,daniel miller,True,
16-09-2025 09:00,emergency_dentist,daniel miller,False,99199297.0
16-09-2025 09:30,emergency_dentist,daniel miller,False,29538309.0
16-09-2025 10:00,emergency_dentist,daniel miller,True,
16-09-2025 10:30,emergency_dentist,daniel miller,True,
16-09-2025 11:00,emergency_dentist,daniel miller,True,
16-09-2025 11:30,emergency_dentist,daniel miller,True,
16-09-2025 12:00,emergency_dentist,daniel miller,False,72578213.0
16-09-2025 12:30,emergency_dentist,daniel miller,False,3515651.0
16-09-2025 13:00,emergency_dentist,daniel miller,True,
16-09-2025 13:30,emergency_dentist,daniel miller,True,
16-09-2025 14:00,emergency_dentist,daniel miller,True,
16-09-2025 14:30,emergency_dentist,daniel miller,True,
16-09-2025 15:00,emergency_dentist,daniel miller,False,56792740.0
16-09-2025 15:30,emergency_dentist,daniel miller,False,98699011.0
16-09-2025 16:00,emergency_dentist,daniel miller,True,
16-09-2025 08:00,emergency_dentist,susan davis,True,
16-09-2025 08:30,emergency_dentist,susan davis,True,
16-09-2025 09:00,emergency_dentist,susan davis,False,99199297.0
16-09-2025 09:30,emergency_dentist,susan davis,False,29538309.0
16-09-2025 10:00,emergency_dentist,susan davis,True,
16-09-2025 10:30,emergency_dentist,susan davis,True,
16-09-2025 11:00,emergency_dentist,susan davis,True,
16-09-2025 11:30,emergency_dentist,susan davis,True,
16-09-2025 12:00,emergency_dentist,susan davis,False,72578213.0
16-09-2025 12:30,emergency_dentist,susan davis,False,3515651.0
16-09-2025 13:00,emergency_dentist,susan davis,True,
16-09-2025 13:30,emergency_dentist,susan davis,True,
16-09-2025 14:00,emergency_dentist,susan davis,True,
16-09-2025 14:30,emergency_dentist,susan davis,True,
16-09-2025 15:00,emergency_dentist,susan davis,False,56792740.0
16-09-2025 15:30,emergency_dentist,susan davis,False,98699011.0
16-09-2025 16:00,emergency_dentist,susan davis,True,
16-09-2025 08:00,oral_surgeon,robert martinez,True,
16-09-2025 08:30,oral_surgeon,robert martinez,True,
16-09-2025 09:00,oral_surgeon,robert martinez,False,99199297.0
16-09-2025 09:30,oral_surgeon,robert martinez,False,29538309.0
16-09-2025 10:00,oral_surgeon,robert martinez,True,
16-09-2025 10:30,oral_surgeon,robert martinez,True,
16-09-2025 11:00,oral_surgeon,robert martinez,True,
16-09-2025 11:30,oral_surgeon,robert martinez,True,
16-09-2025 12:00,oral_surgeon,robert martinez,False,72578213.0
16-09-2025 12:30,oral_surgeon,robert martinez,False,3515651.0
16-09-2025 13:00,oral_surgeon,robert martinez,True,
16-09-2025 13:30,oral_surgeon,robert martinez,True,
16-09-2025 14:00,oral_surgeon,robert martinez,True,
16-09-2025 14:30,oral_surgeon,robert martinez,True,
16-09-2025 15:00,oral_surgeon,robert martinez,False,56792740.0
16-09-2025 15:30,oral_surgeon,robert martinez,False,98699011.0
16-09-2025 16:00,oral_surgeon,robert martinez,True,
16-09-2025 08:00,orthodontist,kevin anderson,True,
16-09-2025 08:30,orthodontist,kevin anderson,True,
16-09-2025 09:00,orthodontist,kevin anderson,False,99199297.0
16-09-2025 09:30,orthodontist,kevin anderson,False,29538309.0
16-09-2025 10:00,orthodontist,kevin anderson,True,
16-09-2025 10:30,orthodontist,kevin anderson,True,
16-09-2025 11:00,orthodontist,kevin anderson,True,
16-09-2025 11:30,orthodontist,kevin anderson,True,
16-09-2025 12:00,orthodontist,kevin anderson,False,72578213.0
16-09-2025 12:30,orthodontist,kevin anderson,False,3515651.0
16-09-2025 13:00,orthodontist,kevin anderson,True,
16-09-2025 13:30,orthodontist,kevin anderson,True,
16-09-2025 14:00,orthodontist,kevin anderson,True,
16-09-2025 14:30,orthodontist,kevin anderson,True,
16-09-2025 15:00,orthodontist,kevin anderson,False,56792740.0
16-09-2025 15:30,orthodontist,kevin anderson,False,98699011.0
16-09-2025 16:00,orthodontist,kevin anderson,True,
17-09-2025 08:00,general_dentist,john doe,False,7988153.0
17-09-2025 08:30,general_dentist,john doe,False,25802645.0
17-09-2025 09:00,general_dentist,john doe,True,
17-09-2025 09:30,general_dentist,john doe,True,
17-09-2025 10:00,general_dentist,john doe,True,
17-09-2025 10:30,general_dentist,john doe,True,
17-09-2025 11:00,general_dentist,john doe,True,
17-09-2025 11:30,general_dentist,john doe,False,69893283.0
17-09-2025 12:00,general_dentist,john doe,True,
17-09-2025 12:30,general_dentist,john doe,True,
17-09-2025 13:00,general_dentist,john doe,True,
17-09-2025 13:30,general_dentist,john doe,True,
17-09-2025 14:00,general_dentist,john doe,False,13890026.0
17-09-2025 14:30,general_dentist,john doe,False,9390796.0
17-09-2025 15:00,general_dentist,john doe,True,
17-09-2025 15:30,general_dentist,john doe,True,
17-09-2025 16:00,general_dentist,john doe,True,
17-09-2025 08:00,general_dentist,emily johnson,False,7988153.0
17-09-2025 08:30,general_dentist,emily johnson,False,25802645.0
17-09-2025 09:00,general_dentist,emily johnson,True,
17-09-2025 09:30,general_dentist,emily johnson,True,
17-09-2025 10:00,general_dentist,emily johnson,True,
17-09-2025 10:30,general_dentist,emily johnson,True,
17-09-2025 11:00,general_dentist,emily johnson,True,
17-09-2025 11:30,general_dentist,emily johnson,False,69893283.0
17-09-2025 12:00,general_dentist,emily johnson,True,
17-09-2025 12:30,general_dentist,emily johnson,True,
17-09-2025 13:00,general_dentist,emily johnson,True,
17-09-2025 13:30,general_dentist,emily johnson,True,
17-09-2025 14:00,general_dentist,emily johnson,False,13890026.0
17-09-2025 14:30,general_dentist,emily johnson,False,9390796.0
17-09-2025 15:00,general_dentist,emily johnson,True,
17-09-2025 15:30,general_dentist,emily johnson,True,
17-09-2025 16:00,general_dentist,emily johnson,True,
17-09-2025 08:00,cosmetic_dentist,jane smith,False,7988153.0
17-09-2025 08:30,cosmetic_dentist,jane smith,False,25802645.0
17-09-2025 09:00,cosmetic_dentist,jane smith,True,
17-09-2025 09:30,cosmetic_dentist,jane smith,True,
17-09-2025 10:00,cosmetic_dentist,jane smith,True,
17-09-2025 10:30,cosmetic_dentist,jane smith,True,
17-09-2025 11:00,cosmetic_dentist,jane smith,True,
17-09-2025 11:30,cosmetic_dentist,jane smith,False,69893283.0
17-09-2025 12:00,cosmetic_dentist,jane smith,True,
17-09-2025 12:30,cosmetic_dentist,jane smith,True,
17-09-2025 13:00,cosmetic_dentist,jane smith,True,
17-09-2025 13:30,cosmetic_dentist,jane smith,True,
17-09-2025 14:00,cosmetic_dentist,jane smith,False,13890026.0
17-09-2025 14:30,cosmetic_dentist,jane smith,False,9390796.0
17-09-2025 15:00,cosmetic_dentist,jane smith,True,
17-09-2025 15:30,cosmetic_dentist,jane smith,True,
17-09-2025 16:00,cosmetic_dentist,jane smith,True,
17-09-2025 08:00,cosmetic_dentist,lisa brown,False,7988153.0
17-09-2025 08:30,cosmetic_dentist,lisa brown,False,25802645.0
17-09-2025 09:00,cosmetic_dentist,lisa brown,True,
17-09-2025 09:30,cosmetic_dentist,lisa brown,True,
17-09-2025 10:00,cosmetic_dentist,lisa brown,True,
17-09-2025 10:30,cosmetic_dentist,lisa brown,True,
17-09-2025 11:00,cosmetic_dentist,lisa brown,True,
17-09-2025 11:30,cosmetic_dentist,lisa brown,False,69893283.0
17-09-2025 12:00,cosmetic_dentist,lisa brown,True,
17-09-2025 12:30,cosmetic_dentist,lisa brown,True,
17-09-2025 13:00,cosmetic_dentist,lisa brown,True,
17-09-2025 13:30,cosmetic_dentist,lisa brown,True,
17-09-2025 14:00,cosmetic_dentist,lisa brown,False,13890026.0
17-09-2025 14:30,cosmetic_dentist,lisa brown,False,9390796.0
17-09-2025 15:00,cosmetic_dentist,lisa brown,True,
17-09-2025 15:30,cosmetic_dentist,lisa brown,True,
17-09-2025 16:00,cosmetic_dentist,lisa brown,True,
17-09-2025 08:00,prosthodontist,michael green,False,7988153.0
17-09-2025 08:30,prosthodontist,michael green,False,25802645.0
17-09-2025 09:00,prosthodontist,michael green,True,
17-09-2025 09:30,prosthodontist,michael green,True,
17-09-2025 10:00,prosthodontist,michael green,True,
17-09-2025 10:30,prosthodontist,michael green,True,
17-09-2025 11:00,prosthodontist,michael green,True,
17-09-2025 11:30,prosthodontist,michael green,False,69893283.0
17-09-2025 12:00,prosthodontist,michael green,True,
17-09-2025 12:30,prosthodontist,michael green,True,
17-09-2025 13:00,prosthodontist,michael green,True,
17-09-2025 13:30,prosthodontist,michael green,True,
17-09-2025 14:00,prosthodontist,michael green,False,13890026.0
17-09-2025 14:30,prosthodontist,michael green,False,9390796.0
17-09-2025 15:00,prosthodontist,michael green,True,
17-09-2025 15:30,prosthodontist,michael green,True,
17-09-2025 16:00,prosthodontist,michael green,True,
17-09-2025 08:00,pediatric_dentist,sarah wilson,False,7988153.0
17-09-2025 08:30,pediatric_dentist,sarah wilson,False,25802645.0
17-09-2025 09:00,pediatric_dentist,sarah wilson,True,
17-09-2025 09:30,pediatric_dentist,sarah wilson,True,
17-09-2025 10:00,pediatric_dentist,sarah wilson,True,
17-09-2025 10:30,pediatric_dentist,sarah wilson,True,
17-09-2025 11:00,pediatric_dentist,sarah wilson,True,
17-09-2025 11:30,pediatric_dentist,sarah wilson,False,69893283.0
17-09-2025 12:00,pediatric_dentist,sarah wilson,True,
17-09-2025 12:30,pediatric_dentist,sarah wilson,True,
17-09-2025 13:00,pediatric_dentist,sarah wilson,True,
17-09-2025 13:30,pediatric_dentist,sarah wilson,True,
17-09-2025 14:00,pediatric_dentist,sarah wilson,False,13890026.0
17-09-2025 14:30,pediatric_dentist,sarah wilson,False,9390796.0
17-09-2025 15:00,pediatric_dentist,sarah wilson,True,
17-09-2025 15:30,pediatric_dentist,sarah wilson,True,
17-09-2025 16:00,pediatric_dentist,sarah wilson,True,
17-09-2025 08:00,emergency_dentist,daniel miller,False,7988153.0
17-09-2025 08:30,emergency_dentist,daniel miller,False,25802645.0
17-09-2025 09:00,emergency_dentist,daniel miller,True,
17-09-2025 09:30,emergency_dentist,daniel miller,True,
17-09-2025 10:00,emergency_dentist,daniel miller,True,
17-09-2025 10:30,emergency_dentist,daniel miller,True,
17-09-2025 11:00,emergency_dentist,daniel miller,True,
17-09-2025 11:30,emergency_dentist,daniel miller,False,69893283.0
17-09-2025 12:00,emergency_dentist,daniel miller,True,
17-09-2025 12:30,emergency_dentist,daniel miller,True,
17-09-2025 13:00,emergency_dentist,daniel miller,True,
17-09-2025 13:30,emergency_dentist,daniel miller,True,
17-09-2025 14:00,emergency_dentist,daniel miller,False,13890026.0
17-09-2025 14:30,emergency_dentist,daniel miller,False,9390796.0
17-09-2025 15:00,emergency_dentist,daniel miller,True,
17-09-2025 15:30,emergency_dentist,daniel miller,True,
17-09-2025 16:00,emergency_dentist,daniel miller,True,
17-09-2025 08:00,emergency_dentist,susan davis,False,7988153.0
17-09-2025 08:30,emergency_dentist,susan davis,False,25802645.0
17-09-2025 09:00,emergency_dentist,susan davis,True,
17-09-2025 09:30,emergency_dentist,susan davis,True,
17-09-2025 10:00,emergency_dentist,susan davis,True,
17-09-2025 10:30,emergency_dentist,susan davis,True,
17-09-2025 11:00,emergency_dentist,susan davis,True,
17-09-2025 11:30,emergency_dentist,susan davis,False,69893283.0
17-09-2025 12:00,emergency_dentist,susan davis,True,
17-09-2025 12:30,emergency_dentist,susan davis,True,
17-09-2025 13:00,emergency_dentist,susan davis,True,
17-09-2025 13:30,emergency_dentist,susan davis,True,
17-09-2025 14:00,emergency_dentist,susan davis,False,13890026.0
17-09-2025 14:30,emergency_dentist,susan davis,False,9390796.0
17-09-2025 15:00,emergency_dentist,susan davis,True,
17-09-2025 15:30,emergency_dentist,susan davis,True,
17-09-2025 16:00,emergency_dentist,susan davis,True,
17-09-2025 08:00,oral_surgeon,robert martinez,False,7988153.0
17-09-2025 08:30,oral_surgeon,robert martinez,False,25802645.0
17-09-2025 09:00,oral_surgeon,robert martinez,True,
17-09-2025 09:30,oral_surgeon,robert martinez,True,
17-09-2025 10:00,oral_surgeon,robert martinez,True,
17-09-2025 10:30,oral_surgeon,robert martinez,True,
17-09-2025 11:00,oral_surgeon,robert martinez,True,
17-09-2025 11:30,oral_surgeon,robert martinez,False,69893283.0
17-09-2025 12:00,oral_surgeon,robert martinez,True,
17-09-2025 12:30,oral_surgeon,robert martinez,True,
17-09-2025 13:00,oral_surgeon,robert martinez,True,
17-09-2025 13:30,oral_surgeon,robert martinez,True,
17-09-2025 14:00,oral_surgeon,robert martinez,False,13890026.0
17-09-2025 14:30,oral_surgeon,robert martinez,False,9390796.0
17-09-2025 15:00,oral_surgeon,robert martinez,True,
17-09-2025 15:30,oral_surgeon,robert martinez,True,
17-09-2025 16:00,oral_surgeon,robert martinez,True,
17-09-2025 08:00,orthodontist,kevin anderson,False,7988153.0
17-09-2025 08:30,orthodontist,kevin anderson,False,25802645.0
17-09-2025 09:00,orthodontist,kevin anderson,True,
17-09-2025 09:30,orthodontist,kevin anderson,True,
17-09-2025 10:00,orthodontist,kevin anderson,True,
17-09-2025 10:30,orthodontist,kevin anderson,True,
17-09-2025 11:00,orthodontist,kevin anderson,True,
17-09-2025 11:30,orthodontist,kevin anderson,False,69893283.0
17-09-2025 12:00,orthodontist,kevin anderson,True,
17-09-2025 12:30,orthodontist,kevin anderson,True,
17-09-2025 13:00,orthodontist,kevin anderson,True,
17-09-2025 13:30,orthodontist,kevin anderson,True,
17-09-2025 14:00,orthodontist,kevin anderson,False,13890026.0
17-09-2025 14:30,orthodontist,kevin anderson,False,9390796.0
17-09-2025 15:00,orthodontist,kevin anderson,True,
17-09-2025 15:30,orthodontist,kevin anderson,True,
17-09-2025 16:00,orthodontist,kevin anderson,True,
18-09-2025 08:00,general_dentist,john doe,True,
18-09-2025 08:30,general_dentist,john doe,True,
18-09-2025 09:00,general_dentist,john doe,True,
18-09-2025 09:30,general_dentist,john doe,True,
18-09-2025 10:00,general_dentist,john doe,False,37423139.0
18-09-2025 10:30,general_dentist,john doe,False,81072076.0
18-09-2025 11:00,general_dentist,john doe,True,
18-09-2025 11:30,general_dentist,john doe,True,
18-09-2025 12:00,general_dentist,john doe,True,
18-09-2025 12:30,general_dentist,john doe,True,
18-09-2025 13:00,general_dentist,john doe,False,3197646.0
18-09-2025 13:30,general_dentist,john doe,False,3642134.0
18-09-2025 14:00,general_dentist,john doe,True,
18-09-2025 14:30,general_dentist,john doe,True,
18-09-2025 15:00,general_dentist,john doe,True,
18-09-2025 15:30,general_dentist,john doe,True,
18-09-2025 16:00,general_dentist,john doe,False,6075212.0
18-09-2025 08:00,general_dentist,emily johnson,True,
18-09-2025 08:30,general_dentist,emily johnson,True,
18-09-2025 09:00,general_dentist,emily johnson,True,
18-09-2025 09:30,general_dentist,emily johnson,True,
18-09-2025 10:00,general_dentist,emily johnson,False,37423139.0
18-09-2025 10:30,general_dentist,emily johnson,False,81072076.0
18-09-2025 11:00,general_dentist,emily johnson,True,
18-09-2025 11:30,general_dentist,emily johnson,True,
18-09-2025 12:00,general_dentist,emily johnson,True,
18-09-2025 12:30,general_dentist,emily johnson,True,
18-09-2025 13:00,general_dentist,emily johnson,False,3197646.0
18-09-2025 13:30,general_dentist,emily johnson,False,3642134.0
18-09-2025 14:00,general_dentist,emily johnson,True,
18-09-2025 14:30,general_dentist,emily johnson,True,
18-09-2025 15:00,general_dentist,emily johnson,True,
18-09-2025 15:30,general_dentist,emily johnson,True,
18-09-2025 16:00,general_dentist,emily johnson,False,6075212.0
18-09-2025 08:00,cosmetic_dentist,jane smith,True,
18-09-2025 08:30,cosmetic_dentist,jane smith,True,
18-09-2025 09:00,cosmetic_dentist,jane smith,True,
18-09-2025 09:30,cosmetic_dentist,jane smith,True,
18-09-2025 10:00,cosmetic_dentist,jane smith,False,37423139.0
18-09-2025 10:30,cosmetic_dentist,jane smith,False,81072076.0
18-09-2025 11:00,cosmetic_dentist,jane smith,True,
18-09-2025 11:30,cosmetic_dentist,jane smith,True,
18-09-2025 12:00,cosmetic_dentist,jane smith,True,
18-09-2025 12:30,cosmetic_dentist,jane smith,True,
18-09-2025 13:00,cosmetic_dentist,jane smith,False,3197646.0
18-09-2025 13:30,cosmetic_dentist,jane smith,False,3642134.0
18-09-2025 14:00,cosmetic_dentist,jane smith,True,
18-09-2025 14:30,cosmetic_dentist,jane smith,True,
18-09-2025 15:00,cosmetic_dentist,jane smith,True,
18-09-2025 15:30,cosmetic_dentist,jane smith,True,
18-09-2025 16:00,cosmetic_dentist,jane smith,False,6075212.0
18-09-2025 08:00,cosmetic_dentist,lisa brown,True,
18-09-2025 08:30,cosmetic_dentist,lisa brown,True,
18-09-2025 09:00,cosmetic_dentist,lisa brown,True,
18-09-2025 09:30,cosmetic_dentist,lisa brown,True,
18-09-2025 10:00,cosmetic_dentist,lisa brown,False,37423139.0
18-09-2025 10:30,cosmetic_dentist,lisa brown,False,81072076.0
18-09-2025 11:00,cosmetic_dentist,lisa brown,True,
18-09-2025 11:30,cosmetic_dentist,lisa brown,True,
18-09-2025 12:00,cosmetic_dentist,lisa brown,True,
18-09-2025 12:30,cosmetic_dentist,lisa brown,True,
18-09-2025 13:00,cosmetic_dentist,lisa brown,False,3197646.0
18-09-2025 13:30,cosmetic_dentist,lisa brown,False,3642134.0
18-09-2025 14:00,cosmetic_dentist,lisa brown,True,
18-09-2025 14:30,cosmetic_dentist,lisa brown,True,
18-09-2025 15:00,cosmetic_dentist,lisa brown,True,
18-09-2025 15:30,cosmetic_dentist,lisa brown,True,
18-09-2025 16:00,cosmetic_dentist,lisa brown,False,6075212.0
18-09-2025 08:00,prosthodontist,michael green,True,
18-09-2025 08:30,prosthodontist,michael green,True,
18-09-2025 09:00,prosthodontist,michael green,True,
18-09-2025 09:30,prosthodontist,michael green,True,
18-09-2025 10:00,prosthodontist,michael green,False,37423139.0
18-09-2025 10:30,prosthodontist,michael green,False,81072076.0
18-09-2025 11:00,prosthodontist,michael green,True,
18-09-2025 11:30,prosthodontist,michael green,True,
18-09-2025 12:00,prosthodontist,michael green,True,
18-09-2025 12:30,prosthodontist,michael green,True,
18-09-2025 13:00,prosthodontist,michael green,False,3197646.0
18-09-2025 13:30,prosthodontist,michael green,False,3642134.0
18-09-2025 14:00,prosthodontist,michael green,True,
18-09-2025 14:30,prosthodontist,michael green,True,
18-09-2025 15:00,prosthodontist,michael green,True,
18-09-2025 15:30,prosthodontist,michael green,True,
18-09-2025 16:00,prosthodontist,michael green,False,6075212.0
18-09-2025 08:00,pediatric_dentist,sarah wilson,True,
18-09-2025 08:30,pediatric_dentist,sarah wilson,True,
18-09-2025 09:00,pediatric_dentist,sarah wilson,True,
18-09-2025 09:30,pediatric_dentist,sarah wilson,True,
18-09-2025 10:00,pediatric_dentist,sarah wilson,False,37423139.0
18-09-2025 10:30,pediatric_dentist,sarah wilson,False,81072076.0
18-09-2025 11:00,pediatric_dentist,sarah wilson,True,
18-09-2025 11:30,pediatric_dentist,sarah wilson,True,
18-09-2025 12:00,pediatric_dentist,sarah wilson,True,
18-09-2025 12:30,pediatric_dentist,sarah wilson,True,
18-09-2025 13:00,pediatric_dentist,sarah wilson,False,3197646.0
18-09-2025 13:30,pediatric_dentist,sarah wilson,False,3642134.0
18-09-2025 14:00,pediatric_dentist,sarah wilson,True,
18-09-2025 14:30,pediatric_dentist,sarah wilson,True,
18-09-2025 15:00,pediatric_dentist,sarah wilson,True,
18-09-2025 15:30,pediatric_dentist,sarah wilson,True,
18-09-2025 16:00,pediatric_dentist,sarah wilson,False,6075212.0
18-09-2025 08:00,emergency_dentist,daniel miller,True,
18-09-2025 08:30,emergency_dentist,daniel miller,True,
18-09-2025 09:00,emergency_dentist,daniel miller,True,
18-09-2025 09:30,emergency_dentist,daniel miller,True,
18-09-2025 10:00,emergency_dentist,daniel miller,False,37423139.0
18-09-2025 10:30,emergency_dentist,daniel miller,False,81072076.0
18-09-2025 11:00,emergency_dentist,daniel miller,True,
18-09-2025 11:30,emergency_dentist,daniel miller,True,
18-09-2025 12:00,emergency_dentist,daniel miller,True,
18-09-2025 12:30,emergency_dentist,daniel miller,True,
18-09-2025 13:00,emergency_dentist,daniel miller,False,3197646.0
18-09-2025 13:30,emergency_dentist,daniel miller,False,3642134.0
18-09-2025 14:00,emergency_dentist,daniel miller,True,
18-09-2025 14:30,emergency_dentist,daniel miller,True,
18-09-2025 15:00,emergency_dentist,daniel miller,True,
18-09-2025 15:30,emergency_dentist,daniel miller,True,
18-09-2025 16:00,emergency_dentist,daniel miller,False,6075212.0
18-09-2025 08:00,emergency_dentist,susan davis,True,
18-09-2025 08:30,emergency_dentist,susan davis,True,
18-09-2025 09:00,emergency_dentist,susan davis,True,
18-09-2025 09:30,emergency_dentist,susan davis,True,
18-09-2025 10:00,emergency_dentist,susan davis,False,37423139.0
18-09-2025 10:30,emergency_dentist,susan davis,False,81072076.0
18-09-2025 11:00,emergency_dentist,susan davis,True,
18-09-2025 11:30,emergency_dentist,susan davis,True,
18-09-2025 12:00,emergency_dentist,susan davis,True,
18-09-2025 12:30,emergency_dentist,susan davis,True,
18-09-2025 13:00,emergency_dentist,susan davis,False,3197646.0
18-09-2025 13:30,emergency_dentist,susan davis,False,3642134.0
18-09-2025 14:00,emergency_dentist,susan davis,True,
18-09-2025 14:30,emergency_dentist,susan davis,True,
18-09-2025 15:00,emergency_dentist,susan davis,True,
18-09-2025 15:30,emergency_dentist,susan davis,True,
18-09-2025 16:00,emergency_dentist,susan davis,False,6075212.0
18-09-2025 08:00,oral_surgeon,robert martinez,True,
18-09-2025 08:30,oral_surgeon,robert martinez,True,
18-09-2025 09:00,oral_surgeon,robert martinez,True,
18-09-2025 09:30,oral_surgeon,robert martinez,True,
18-09-2025 10:00,oral_surgeon,robert martinez,False,37423139.0
18-09-2025 10:30,oral_surgeon,robert martinez,False,81072076.0
18-09-2025 11:00,oral_surgeon,robert martinez,True,
18-09-2025 11:30,oral_surgeon,robert martinez,True,
18-09-2025 12:00,oral_surgeon,robert martinez,True,
18-09-2025 12:30,oral_surgeon,robert martinez,True,
18-09-2025 13:00,oral_surgeon,robert martinez,False,3197646.0
18-09-2025 13:30,oral_surgeon,robert martinez,False,3642134.0
18-09-2025 14:00,oral_surgeon,robert martinez,True,
18-09-2025 14:30,oral_surgeon,robert martinez,True,
18-09-2025 15:00,oral_surgeon,robert martinez,True,
18-09-2025 15:30,oral_surgeon,robert martinez,True,
18-09-2025 16:00,oral_surgeon,robert martinez,False,6075212.0
18-09-2025 08:00,orthodontist,kevin anderson,True,
18-09-2025 08:30,orthodontist,kevin anderson,True,
18-09-2025 09:00,orthodontist,kevin anderson,True,
18-09-2025 09:30,orthodontist,kevin anderson,True,
18-09-2025 10:00,orthodontist,kevin anderson,False,37423139.0
18-09-2025 10:30,orthodontist,kevin anderson,False,81072076.0
18-09-2025 11:00,orthodontist,kevin anderson,True,
18-09-2025 11:30,orthodontist,kevin anderson,True,
18-09-2025 12:00,orthodontist,kevin anderson,True,
18-09-2025 12:30,orthodontist,kevin anderson,True,
18-09-2025 13:00,orthodontist,kevin anderson,False,3197646.0
18-09-2025 13:30,orthodontist,kevin anderson,False,3642134.0
18-09-2025 14:00,orthodontist,kevin anderson,True,
18-09-2025 14:30,orthodontist,kevin anderson,True,
18-09-2025 15:00,orthodontist,kevin anderson,True,
18-09-2025 15:30,orthodontist,kevin anderson,True,
18-09-2025 16:00,orthodontist,kevin anderson,False,6075212.0
19-09-2025 08:00,general_dentist,john doe,True,
19-09-2025 08:30,general_dentist,john doe,True,
19-09-2025 09:00,general_dentist,john doe,False,6513053.0
19-09-2025 09:30,general_dentist,john doe,False,5342027.0
19-09-2025 10:00,general_dentist,john doe,True,
19-09-2025 10:30,general_dentist,john doe,True,
19-09-2025 11:00,general_dentist,john doe,True,
19-09-2025 11:30,general_dentist,john doe,True,
19-09-2025 12:00,general_dentist,john doe,False,35043288.0
19-09-2025 12:30,general_dentist,john doe,False,6841167.0
19-09-2025 13:00,general_dentist,john doe,True,
19-09-2025 13:30,general_dentist,john doe,True,
19-09-2025 14:00,general_dentist,john doe,True,
19-09-2025 14:30,general_dentist,john doe,True,
19-09-2025 15:00,general_dentist,john doe,False,82195677.0
19-09-2025 15:30,general_dentist,john doe,False,22333116.0
19-09-2025 16:00,general_dentist,john doe,True,
19-09-2025 08:00,general_dentist,emily johnson,True,
19-09-2025 08:30,general_dentist,emily johnson,True,
19-09-2025 09:00,general_dentist,emily johnson,False,6513053.0
19-09-2025 09:30,general_dentist,emily johnson,False,5342027.0
19-09-2025 10:00,general_dentist,emily johnson,True,
19-09-2025 10:30,general_dentist,emily johnson,True,
19-09-2025 11:00,general_dentist,emily johnson,True,
19-09-2025 11:30,general_dentist,emily johnson,True,
19-09-2025 12:00,general_dentist,emily johnson,False,35043288.0
19-09-2025 12:30,general_dentist,emily johnson,False,6841167.0
19-09-2025 13:00,general_dentist,emily johnson,True,
19-09-2025 13:30,general_dentist,emily johnson,True,
19-09-2025 14:00,general_dentist,emily johnson,True,
19-09-2025 14:30,general_dentist,emily johnson,True,
19-09-2025 15:00,general_dentist,emily johnson,False,82195677.0
19-09-2025 15:30,general_dentist,emily johnson,False,22333116.0
19-09-2025 16:00,general_dentist,emily johnson,True,
19-09-2025 08:00,cosmetic_dentist,jane smith,True,
19-09-2025 08:30,cosmetic_dentist,jane smith,True,
19-09-2025 09:00,cosmetic_dentist,jane smith,False,6513053.0
19-09-2025 09:30,cosmetic_dentist,jane smith,False,5342027.0
19-09-2025 10:00,cosmetic_dentist,jane smith,True,
19-09-2025 10:30,cosmetic_dentist,jane smith,True,
19-09-2025 11:00,cosmetic_dentist,jane smith,True,
19-09-2025 11:30,cosmetic_dentist,jane smith,True,
19-09-2025 12:00,cosmetic_dentist,jane smith,False,35043288.0
19-09-2025 12:30,cosmetic_dentist,jane smith,False,6841167.0
19-09-2025 13:00,cosmetic_dentist,jane smith,True,
19-09-2025 13:30,cosmetic_dentist,jane smith,True,
19-09-2025 14:00,cosmetic_dentist,jane smith,True,
19-09-2025 14:30,cosmetic_dentist,jane smith,True,
19-09-2025 15:00,cosmetic_dentist,jane smith,False,82195677.0
19-09-2025 15:30,cosmetic_dentist,jane smith,False,22333116.0
19-09-2025 16:00,cosmetic_dentist,jane smith,True,
19-09-2025 08:00,cosmetic_dentist,lisa brown,True,
19-09-2025 08:30,cosmetic_dentist,lisa brown,True,
19-09-2025 09:00,cosmetic_dentist,lisa brown,False,6513053.0
19-09-2025 09:30,cosmetic_dentist,lisa brown,False,5342027.0
19-09-2025 10:00,cosmetic_dentist,lisa brown,True,
19-09-2025 10:30,cosmetic_dentist,lisa brown,True,
19-09-2025 11:00,cosmetic_dentist,lisa brown,True,
19-09-2025 11:30,cosmetic_dentist,lisa brown,True,
19-09-2025 12:00,cosmetic_dentist,lisa brown,False,35043288.0
19-09-2025 12:30,cosmetic_dentist,lisa brown,False,6841167.0
19-09-2025 13:00,cosmetic_dentist,lisa brown,True,
19-09-2025 13:30,cosmetic_dentist,lisa brown,True,
19-09-2025 14:00,cosmetic_dentist,lisa brown,True,
19-09-2025 14:30,cosmetic_dentist,lisa brown,True,
19-09-2025 15:00,cosmetic_dentist,lisa brown,False,82195677.0
19-09-2025 15:30,cosmetic_dentist,lisa brown,False,22333116.0
19-09-2025 16:00,cosmetic_dentist,lisa brown,True,
19-09-2025 08:00,prosthodontist,michael green,True,
19-09-2025 08:30,prosthodontist,michael green,True,
19-09-2025 09:00,prosthodontist,michael green,False,6513053.0
19-09-2025 09:30,prosthodontist,michael green,False,5342027.0
19-09-2025 10:00,prosthodontist,michael green,True,
19-09-2025 10:30,prosthodontist,michael green,True,
19-09-2025 11:00,prosthodontist,michael green,True,
19-09-2025 11:30,prosthodontist,michael green,True,
19-09-2025 12:00,prosthodontist,michael green,False,35043288.0
19-09-2025 12:30,prosthodontist,michael green,False,6841167.0
19-09-2025 13:00,prosthodontist,michael green,True,
19-09-2025 13:30,prosthodontist,michael green,True,
19-09-2025 14:00,prosthodontist,michael green,True,
19-09-2025 14:30,prosthodontist,michael green,True,
19-09-2025 15:00,prosthodontist,michael green,False,82195677.0
19-09-2025 15:30,prosthodontist,michael green,False,22333116.0
19-09-2025 16:00,prosthodontist,michael green,True,
19-09-2025 08:00,pediatric_dentist,sarah wilson,True,
19-09-2025 08:30,pediatric_dentist,sarah wilson,True,
19-09-2025 09:00,pediatric_dentist,sarah wilson,False,6513053.0
19-09-2025 09:30,pediatric_dentist,sarah wilson,False,5342027.0
19-09-2025 10:00,pediatric_dentist,sarah wilson,True,
19-09-2025 10:30,pediatric_dentist,sarah wilson,True,
19-09-2025 11:00,pediatric_dentist,sarah wilson,True,
19-09-2025 11:30,pediatric_dentist,sarah wilson,True,
19-09-2025 12:00,pediatric_dentist,sarah wilson,False,35043288.0
19-09-2025 12:30,pediatric_dentist,sarah wilson,False,6841167.0
19-09-2025 13:00,pediatric_dentist,sarah wilson,True,
19-09-2025 13:30,pediatric_dentist,sarah wilson,True,
19-09-2025 14:00,pediatric_dentist,sarah wilson,True,
19-09-2025 14:30,pediatric_dentist,sarah wilson,True,
19-09-2025 15:00,pediatric_dentist,sarah wilson,False,82195677.0
19-09-2025 15:30,pediatric_dentist,sarah wilson,False,22333116.0
19-09-2025 16:00,pediatric_dentist,sarah wilson,True,
19-09-2025 08:00,emergency_dentist,daniel miller,True,
19-09-2025 08:30,emergency_dentist,daniel miller,True,
19-09-2025 09:00,emergency_dentist,daniel miller,False,6513053.0
19-09-2025 09:30,emergency_dentist,daniel miller,False,5342027.0
19-09-2025 10:00,emergency_dentist,daniel miller,True,
19-09-2025 10:30,emergency_dentist,daniel miller,True,
19-09-2025 11:00,emergency_dentist,daniel miller,True,
19-09-2025 11:30,emergency_dentist,daniel miller,True,
19-09-2025 12:00,emergency_dentist,daniel miller,False,35043288.0
19-09-2025 12:30,emergency_dentist,daniel miller,False,6841167.0
19-09-2025 13:00,emergency_dentist,daniel miller,True,
19-09-2025 13:30,emergency_dentist,daniel miller,True,
19-09-2025 14:00,emergency_dentist,daniel miller,True,
19-09-2025 14:30,emergency_dentist,daniel miller,True,
19-09-2025 15:00,emergency_dentist,daniel miller,False,82195677.0
19-09-2025 15:30,emergency_dentist,daniel miller,False,22333116.0
19-09-2025 16:00,emergency_dentist,daniel miller,True,
19-09-2025 08:00,emergency_dentist,susan davis,True,
19-09-2025 08:30,emergency_dentist,susan davis,True,
19-09-2025 09:00,emergency_dentist,susan davis,False,6513053.0
19-09-2025 09:30,emergency_dentist,susan davis,False,5342027.0
19-09-2025 10:00,emergency_dentist,susan davis,True,
19-09-2025 10:30,emergency_dentist,susan davis,True,
19-09-2025 11:00,emergency_dentist,susan davis,True,
19-09-2025 11:30,emergency_dentist,susan davis,True,
19-09-2025 12:00,emergency_dentist,susan davis,False,35043288.0
19-09-2025 12:30,emergency_dentist,susan davis,False,6841167.0
19-09-2025 13:00,emergency_dentist,susan davis,True,
19-09-2025 13:30,emergency_dentist,susan davis,True,
19-09-2025 14:00,emergency_dentist,susan davis,True,
19-09-2025 14:30,emergency_dentist,susan davis,True,
19-09-2025 15:00,emergency_dentist,susan davis,False,82195677.0
19-09-2025 15:30,emergency_dentist,susan davis,False,22333116.0
19-09-2025 16:00,emergency_dentist,susan davis,True,
19-09-2025 08:00,oral_surgeon,robert martinez,True,
19-09-2025 08:30,oral_surgeon,robert martinez,True,
19-09-2025 09:00,oral_surgeon,robert martinez,False,6513053.0
19-09-2025 09:30,oral_surgeon,robert martinez,False,5342027.0
19-09-2025 10:00,oral_surgeon,robert martinez,True,
19-09-2025 10:30,oral_surgeon,robert martinez,True,
19-09-2025 11:00,oral_surgeon,robert martinez,True,
19-09-2025 11:30,oral_surgeon,robert martinez,True,
19-09-2025 12:00,oral_surgeon,robert martinez,False,35043288.0
19-09-2025 12:30,oral_surgeon,robert martinez,False,6841167.0
19-09-2025 13:00,oral_surgeon,robert martinez,True,
19-09-2025 13:30,oral_surgeon,robert martinez,True,
19-09-2025 14:00,oral_surgeon,robert martinez,True,
19-09-2025 14:30,oral_surgeon,robert martinez,True,
19-09-2025 15:00,oral_surgeon,robert martinez,False,82195677.0
19-09-2025 15:30,oral_surgeon,robert martinez,False,22333116.0
19-09-2025 16:00,oral_surgeon,robert martinez,True,
19-09-2025 08:00,orthodontist,kevin anderson,True,
19-09-2025 08:30,orthodontist,kevin anderson,True,
19-09-2025 09:00,orthodontist,kevin anderson,False,6513053.0
19-09-2025 09:30,orthodontist,kevin anderson,False,5342027.0
19-09-2025 10:00,orthodontist,kevin anderson,True,
19-09-2025 10:30,orthodontist,kevin anderson,True,
19-09-2025 11:00,orthodontist,kevin anderson,True,
19-09-2025 11:30,orthodontist,kevin anderson,True,
19-09-2025 12:00,orthodontist,kevin anderson,False,35043288.0
19-09-2025 12:30,orthodontist,kevin anderson,False,6841167.0
19-09-2025 13:00,orthodontist,kevin anderson,True,
19-09-2025 13:30,orthodontist,kevin anderson,True,
19-09-2025 14:00,orthodontist,kevin anderson,True,
19-09-2025 14:30,orthodontist,kevin anderson,True,
19-09-2025 15:00,orthodontist,kevin anderson,False,82195677.0
19-09-2025 15:30,orthodontist,kevin anderson,False,22333116.0
19-09-2025 16:00,orthodontist,kevin anderson,True,
